kepid,prob_confirmed,label
10395543,0.9837518,CANDIDATE
12105051,0.98360026,CANDIDATE
12105051,0.98350024,CANDIDATE
12105051,0.9830033,CANDIDATE
10395543,0.98287684,CANDIDATE
12105051,0.9828568,CANDIDATE
12105051,0.9828523,CANDIDATE
12105051,0.9827391,CANDIDATE
9634821,0.98237926,CANDIDATE
9634821,0.9823559,CANDIDATE
12105051,0.9818573,CANDIDATE
9634821,0.98146755,CANDIDATE
6867155,0.9808076,CANDIDATE
11030475,0.9807788,CANDIDATE
12105051,0.98051584,CANDIDATE
12105051,0.98002875,CANDIDATE
6867155,0.9797569,CANDIDATE
6867155,0.97971845,CANDIDATE
10319385,0.9795234,CANDIDATE
9634821,0.97941315,CANDIDATE
5080636,0.97912246,CANDIDATE
11030475,0.97901493,CANDIDATE
5080636,0.9789915,CANDIDATE
8018547,0.9788432,CANDIDATE
10717241,0.9787669,CANDIDATE
9006186,0.97870344,CANDIDATE
7811397,0.97863287,CANDIDATE
11030475,0.9785421,CANDIDATE
5542466,0.9785377,CANDIDATE
11918099,0.9783555,CANDIDATE
6867155,0.97831446,CANDIDATE
11030475,0.9780514,CANDIDATE
9705459,0.97802013,CANDIDATE
11870545,0.97770464,CANDIDATE
11870545,0.9775253,CANDIDATE
10000941,0.97746027,CANDIDATE
5080636,0.97745365,CANDIDATE
5542466,0.97743225,CANDIDATE
8018547,0.97739685,CANDIDATE
7811397,0.9773941,CANDIDATE
7630229,0.97704583,CANDIDATE
8018547,0.9769305,CANDIDATE
9705459,0.9765952,CANDIDATE
9571186,0.9761796,CANDIDATE
8018547,0.97617245,CANDIDATE
10656508,0.9760267,CANDIDATE
11870545,0.97598654,CANDIDATE
11030475,0.97595507,CANDIDATE
9006186,0.97590554,CANDIDATE
9571186,0.97587764,CANDIDATE
10140122,0.97577786,CANDIDATE
10158418,0.97570723,CANDIDATE
9571186,0.9757019,CANDIDATE
11391755,0.97567594,CANDIDATE
9006186,0.9756437,CANDIDATE
12154526,0.9755598,CANDIDATE
10319385,0.9753373,CANDIDATE
10285631,0.9753362,CANDIDATE
9571186,0.9751508,CANDIDATE
9602613,0.97509944,CANDIDATE
9571186,0.975094,CANDIDATE
4939265,0.9750118,CANDIDATE
9634821,0.9749971,CANDIDATE
11075279,0.9749392,CANDIDATE
7106173,0.97489524,CANDIDATE
11075279,0.97475183,CANDIDATE
5131180,0.9747457,CANDIDATE
12154526,0.97466135,CANDIDATE
9571186,0.97459203,CANDIDATE
11805075,0.97458255,CANDIDATE
7906882,0.9745334,CANDIDATE
11075279,0.97446537,CANDIDATE
9571186,0.9744334,CANDIDATE
11904704,0.97441894,CANDIDATE
12253769,0.9742904,CANDIDATE
9705459,0.9741949,CANDIDATE
11904704,0.97410446,CANDIDATE
9006186,0.97398347,CANDIDATE
9571186,0.9739057,CANDIDATE
9602613,0.97385377,CANDIDATE
11288492,0.9738516,CANDIDATE
9571186,0.97369087,CANDIDATE
12154526,0.9735961,CANDIDATE
12785320,0.9735605,CANDIDATE
7811397,0.9734954,CANDIDATE
9815053,0.9734899,CANDIDATE
9703198,0.97348696,CANDIDATE
7663405,0.97342354,CANDIDATE
9571186,0.9734074,CANDIDATE
11904704,0.9733898,CANDIDATE
9571186,0.97336483,CANDIDATE
9580992,0.9732622,CANDIDATE
9571186,0.97322154,CANDIDATE
7106173,0.97319084,CANDIDATE
8018547,0.97317344,CANDIDATE
11076400,0.97316486,CANDIDATE
9580992,0.9731429,CANDIDATE
12154526,0.97314024,CANDIDATE
9634821,0.97310525,CANDIDATE
9634821,0.97307545,CANDIDATE
11288492,0.97306436,CANDIDATE
11075279,0.9730334,CANDIDATE
7106173,0.9730304,CANDIDATE
9828127,0.9730259,CANDIDATE
9011877,0.9730166,CANDIDATE
10158418,0.97293323,CANDIDATE
10140122,0.972806,CANDIDATE
11075279,0.97270525,CANDIDATE
12300524,0.97268665,CANDIDATE
9571186,0.9725878,CANDIDATE
9571186,0.97258747,CANDIDATE
11462341,0.97257185,CANDIDATE
12154526,0.9725663,CANDIDATE
9580992,0.97248197,CANDIDATE
10717241,0.9724716,CANDIDATE
10140122,0.9724443,CANDIDATE
11805075,0.9722693,CANDIDATE
9571186,0.972225,CANDIDATE
10319385,0.9722047,CANDIDATE
9634821,0.97216743,CANDIDATE
12154526,0.9721628,CANDIDATE
11462341,0.9721352,CANDIDATE
12253769,0.9720899,CANDIDATE
12154526,0.97207737,CANDIDATE
6603756,0.9720657,CANDIDATE
8546542,0.9720586,CANDIDATE
12154526,0.9719814,CANDIDATE
10319385,0.9719481,CANDIDATE
11072016,0.97192425,CANDIDATE
10140122,0.97191375,CANDIDATE
8313667,0.9719116,CANDIDATE
11904704,0.9719063,CANDIDATE
11395587,0.9718746,CANDIDATE
11288492,0.97187096,CANDIDATE
7106173,0.9718441,CANDIDATE
9509343,0.9718142,CANDIDATE
11076400,0.97181064,CANDIDATE
12253769,0.9718024,CANDIDATE
11076400,0.9718018,CANDIDATE
9815053,0.97179043,CANDIDATE
5897826,0.97171336,CANDIDATE
10319385,0.9717055,CANDIDATE
8313667,0.971686,CANDIDATE
11075279,0.97168565,CANDIDATE
10319385,0.97165865,CANDIDATE
10319385,0.97159594,CANDIDATE
11075279,0.9715385,CANDIDATE
5897826,0.9715328,CANDIDATE
7106173,0.97152317,CANDIDATE
9828127,0.9714868,CANDIDATE
12004971,0.9714779,CANDIDATE
11288492,0.97145736,CANDIDATE
11904704,0.9714456,CANDIDATE
9011877,0.9713329,CANDIDATE
8869680,0.97131515,CANDIDATE
9828127,0.9712932,CANDIDATE
9571186,0.97127837,CANDIDATE
10656508,0.97126085,CANDIDATE
11395587,0.97125566,CANDIDATE
10319385,0.97125465,CANDIDATE
9580992,0.97125137,CANDIDATE
11904704,0.9712487,CANDIDATE
11288492,0.9712223,CANDIDATE
10395543,0.97121584,CANDIDATE
7663405,0.97121507,CANDIDATE
3453214,0.9711854,CANDIDATE
9509343,0.971161,CANDIDATE
11076400,0.9711311,CANDIDATE
5897826,0.97112006,CANDIDATE
12785320,0.97111076,CANDIDATE
12154526,0.97108907,CANDIDATE
9580992,0.9710786,CANDIDATE
9815053,0.9710206,CANDIDATE
11288492,0.97100407,CANDIDATE
11288492,0.9709745,CANDIDATE
9011877,0.9709736,CANDIDATE
9705459,0.9709563,CANDIDATE
9011877,0.9709138,CANDIDATE
10118266,0.97089607,CANDIDATE
12105051,0.97087586,CANDIDATE
11805075,0.97086954,CANDIDATE
11904704,0.97084564,CANDIDATE
11075279,0.9708062,CANDIDATE
7663405,0.9707935,CANDIDATE
9011877,0.97074944,CANDIDATE
9006186,0.97073764,CANDIDATE
11075279,0.9707299,CANDIDATE
8546542,0.97068775,CANDIDATE
11075279,0.9706872,CANDIDATE
11904704,0.9706871,CANDIDATE
10140122,0.97059846,CANDIDATE
7663405,0.97059286,CANDIDATE
8007174,0.970493,CANDIDATE
12253769,0.9704816,CANDIDATE
8546542,0.9704705,CANDIDATE
11462341,0.9704015,CANDIDATE
12154526,0.970394,CANDIDATE
9509343,0.9703898,CANDIDATE
9203154,0.97036415,CANDIDATE
10395543,0.9703592,CANDIDATE
4472818,0.9703442,CANDIDATE
9203154,0.9703312,CANDIDATE
11805075,0.9703138,CANDIDATE
11288492,0.97028583,CANDIDATE
9993683,0.9702382,CANDIDATE
11904704,0.97019255,CANDIDATE
12300524,0.9701772,CANDIDATE
10319385,0.97014487,CANDIDATE
5897826,0.9701278,CANDIDATE
7032421,0.9701229,CANDIDATE
10928043,0.9701166,CANDIDATE
8216763,0.9701092,CANDIDATE
11805075,0.970108,CANDIDATE
9019191,0.9701066,CANDIDATE
11072016,0.9701043,CANDIDATE
10717241,0.9700884,CANDIDATE
7730747,0.9700809,CANDIDATE
9815053,0.97005606,CANDIDATE
9935642,0.9700472,CANDIDATE
5376836,0.9700417,CANDIDATE
8546542,0.97003436,CANDIDATE
6603756,0.9700088,CANDIDATE
11076400,0.9699691,CANDIDATE
9815053,0.96996874,CANDIDATE
5897826,0.96994656,CANDIDATE
7106173,0.96993387,CANDIDATE
11904704,0.9699249,CANDIDATE
11970988,0.96991897,CANDIDATE
8007174,0.9698713,CANDIDATE
11076400,0.9698547,CANDIDATE
9011877,0.9698352,CANDIDATE
9011877,0.9698286,CANDIDATE
4918309,0.96982723,CANDIDATE
8546542,0.9698098,CANDIDATE
11288492,0.9697917,CANDIDATE
10319385,0.96977127,CANDIDATE
8313667,0.96975046,CANDIDATE
7032421,0.96974295,CANDIDATE
11076400,0.96972543,CANDIDATE
9203154,0.969717,CANDIDATE
10140122,0.96966994,CANDIDATE
8018547,0.9696593,CANDIDATE
10140122,0.9696577,CANDIDATE
9634821,0.9696574,CANDIDATE
12301181,0.9696484,CANDIDATE
9634821,0.96963197,CANDIDATE
9815053,0.9696296,CANDIDATE
10118266,0.9696044,CANDIDATE
12300524,0.9695892,CANDIDATE
9993683,0.96957153,CANDIDATE
5897826,0.96955943,CANDIDATE
11805075,0.96953493,CANDIDATE
11602794,0.9695342,CANDIDATE
8121310,0.9694734,CANDIDATE
9580992,0.9694633,CANDIDATE
11019739,0.9694606,CANDIDATE
7663405,0.9694186,CANDIDATE
11241560,0.9693607,CANDIDATE
9828127,0.9693496,CANDIDATE
8261920,0.9693252,CANDIDATE
11602794,0.96929044,CANDIDATE
9993683,0.96927166,CANDIDATE
11970988,0.96926516,CANDIDATE
11076400,0.9692609,CANDIDATE
12301181,0.96925,CANDIDATE
7106173,0.9692452,CANDIDATE
7094944,0.96922195,CANDIDATE
9509343,0.9692171,CANDIDATE
9828127,0.9692007,CANDIDATE
12105051,0.9691947,CANDIDATE
9509343,0.9691909,CANDIDATE
11565544,0.9691612,CANDIDATE
9634821,0.9691557,CANDIDATE
9011877,0.9691487,CANDIDATE
7663405,0.9691487,CANDIDATE
11869052,0.9691068,CANDIDATE
11462341,0.96910626,CANDIDATE
11076400,0.96907926,CANDIDATE
11520114,0.9690475,CANDIDATE
11853130,0.969047,CANDIDATE
12349560,0.9690286,CANDIDATE
10140122,0.96899533,CANDIDATE
12300524,0.96899015,CANDIDATE
11870545,0.96895814,CANDIDATE
12602314,0.9689387,CANDIDATE
8554498,0.96893233,CANDIDATE
7663405,0.96892905,CANDIDATE
8546542,0.96892,CANDIDATE
12253769,0.9689002,CANDIDATE
11241560,0.96889615,CANDIDATE
9509343,0.96889496,CANDIDATE
5080636,0.9688833,CANDIDATE
11019739,0.96887624,CANDIDATE
10319385,0.96885836,CANDIDATE
12154526,0.9688195,CANDIDATE
8546542,0.96881884,CANDIDATE
6436029,0.96881706,CANDIDATE
9634821,0.9688094,CANDIDATE
11391755,0.96880263,CANDIDATE
8546542,0.96880174,CANDIDATE
8261920,0.968797,CANDIDATE
9509343,0.9687844,CANDIDATE
11288492,0.96878034,CANDIDATE
9509343,0.968778,CANDIDATE
9202151,0.96873045,CANDIDATE
4918309,0.9686867,CANDIDATE
9815053,0.9686855,CANDIDATE
12301181,0.9686669,CANDIDATE
11904704,0.96866155,CANDIDATE
11602794,0.96862686,CANDIDATE
9509343,0.9686187,CANDIDATE
10450504,0.9686045,CANDIDATE
9935642,0.96860117,CANDIDATE
7663405,0.96859914,CANDIDATE
9993683,0.9685753,CANDIDATE
9203154,0.96856904,CANDIDATE
7663405,0.9685649,CANDIDATE
7663405,0.9685118,CANDIDATE
9872283,0.96846706,CANDIDATE
11391755,0.9684654,CANDIDATE
7730747,0.9684632,CANDIDATE
5897826,0.9684532,CANDIDATE
12300524,0.9684076,CANDIDATE
10140122,0.96840715,CANDIDATE
8007174,0.96840537,CANDIDATE
11019739,0.9683539,CANDIDATE
7094944,0.96834457,CANDIDATE
10319385,0.9683257,CANDIDATE
5780715,0.9683221,CANDIDATE
10319385,0.96830875,CANDIDATE
12253769,0.9683083,CANDIDATE
9828127,0.9683045,CANDIDATE
8007174,0.9682968,CANDIDATE
7032421,0.96829534,CANDIDATE
9514372,0.9682875,CANDIDATE
11970988,0.9682501,CANDIDATE
9019191,0.9682433,CANDIDATE
8007174,0.96823746,CANDIDATE
9011877,0.9682276,CANDIDATE
8554498,0.96819955,CANDIDATE
11072016,0.9681925,CANDIDATE
10319385,0.9681791,CANDIDATE
8684730,0.9681433,CANDIDATE
9011877,0.9681416,CANDIDATE
10118266,0.9681131,CANDIDATE
9815053,0.9681009,CANDIDATE
9828127,0.9680987,CANDIDATE
11904704,0.9680884,CANDIDATE
11853130,0.9680816,CANDIDATE
8546542,0.9680522,CANDIDATE
8265218,0.96803725,CANDIDATE
9203154,0.96802336,CANDIDATE
9602613,0.9680072,CANDIDATE
12105051,0.9679826,CANDIDATE
12256520,0.96795416,CANDIDATE
8216763,0.96793824,CANDIDATE
11076400,0.96792954,CANDIDATE
11288492,0.9679128,CANDIDATE
10319385,0.9678946,CANDIDATE
12154526,0.96788967,CANDIDATE
9514372,0.9678852,CANDIDATE
9100484,0.9678746,CANDIDATE
7663405,0.9678559,CANDIDATE
11030475,0.96784824,CANDIDATE
10917043,0.9678419,CANDIDATE
12208631,0.96782607,CANDIDATE
11602794,0.96781296,CANDIDATE
7747091,0.9678078,CANDIDATE
8007174,0.967794,CANDIDATE
12105051,0.9677939,CANDIDATE
11026304,0.9677609,CANDIDATE
8869680,0.9677472,CANDIDATE
5184911,0.9677468,CANDIDATE
8554498,0.9677266,CANDIDATE
9203154,0.9677221,CANDIDATE
5897826,0.9677151,CANDIDATE
10272442,0.96771216,CANDIDATE
11026304,0.967709,CANDIDATE
5376836,0.967709,CANDIDATE
6867588,0.96770746,CANDIDATE
11853130,0.96770054,CANDIDATE
9100484,0.96767825,CANDIDATE
12004971,0.9676654,CANDIDATE
8546542,0.96763736,CANDIDATE
7661065,0.96763355,CANDIDATE
7106173,0.9676229,CANDIDATE
6307083,0.96760744,CANDIDATE
10717241,0.96760565,CANDIDATE
6436029,0.967604,CANDIDATE
9993683,0.9675771,CANDIDATE
9935642,0.96757007,CANDIDATE
5080636,0.96754485,CANDIDATE
12256520,0.96751773,CANDIDATE
9580992,0.96750915,CANDIDATE
9828127,0.9674884,CANDIDATE
12300524,0.9674858,CANDIDATE
10656508,0.96747756,CANDIDATE
8007174,0.9674664,CANDIDATE
11026304,0.9674606,CANDIDATE
8869680,0.9674549,CANDIDATE
9509343,0.96740055,CANDIDATE
11072016,0.9673977,CANDIDATE
5080636,0.967394,CANDIDATE
9993683,0.9673903,CANDIDATE
11072016,0.9673806,CANDIDATE
7094944,0.96736133,CANDIDATE
10140122,0.9673524,CANDIDATE
8007174,0.9673519,CANDIDATE
9575728,0.9673479,CANDIDATE
6436029,0.9673371,CANDIDATE
10285631,0.9673313,CANDIDATE
9872283,0.9673195,CANDIDATE
12256520,0.9673167,CANDIDATE
8546542,0.9673163,CANDIDATE
9828127,0.96731424,CANDIDATE
9993683,0.9672993,CANDIDATE
5184911,0.967262,CANDIDATE
9815053,0.96723735,CANDIDATE
9509343,0.9672349,CANDIDATE
8639908,0.96721774,CANDIDATE
11030475,0.9672065,CANDIDATE
12349560,0.9671939,CANDIDATE
11019739,0.96718985,CANDIDATE
8261920,0.9671825,CANDIDATE
10656508,0.9671795,CANDIDATE
9993683,0.9671714,CANDIDATE
11520114,0.96717125,CANDIDATE
8313667,0.96716815,CANDIDATE
7663405,0.9671678,CANDIDATE
12105051,0.96716624,CANDIDATE
3937814,0.96712595,CANDIDATE
9815053,0.9671164,CANDIDATE
7499398,0.9671116,CANDIDATE
7730747,0.9671066,CANDIDATE
11026304,0.96709853,CANDIDATE
7730747,0.9670848,CANDIDATE
11705004,0.96708107,CANDIDATE
7094944,0.9670603,CANDIDATE
9993683,0.9670476,CANDIDATE
12105051,0.9670429,CANDIDATE
10264293,0.9670116,CANDIDATE
11076400,0.9670055,CANDIDATE
6307083,0.9669971,CANDIDATE
11019739,0.9669968,CANDIDATE
10717241,0.96698517,CANDIDATE
7730747,0.96698004,CANDIDATE
12300524,0.966978,CANDIDATE
9828127,0.9669745,CANDIDATE
11030475,0.966937,CANDIDATE
11098013,0.9669289,CANDIDATE
7335514,0.9669262,CANDIDATE
9872283,0.9669094,CANDIDATE
8546542,0.96689045,CANDIDATE
9935642,0.96688664,CANDIDATE
10118266,0.96687776,CANDIDATE
11288492,0.9668493,CANDIDATE
3109550,0.96684015,CANDIDATE
7106173,0.9668383,CANDIDATE
7663405,0.9668318,CANDIDATE
9575728,0.966817,CANDIDATE
7663405,0.96680665,CANDIDATE
11565544,0.96679157,CANDIDATE
8216763,0.96679014,CANDIDATE
8007174,0.96678215,CANDIDATE
7094944,0.96677434,CANDIDATE
7730747,0.9667736,CANDIDATE
8216763,0.96676695,CANDIDATE
8546542,0.96675694,CANDIDATE
9019191,0.9667505,CANDIDATE
6436029,0.96674204,CANDIDATE
7825899,0.96672976,CANDIDATE
11072016,0.966719,CANDIDATE
12349560,0.96671337,CANDIDATE
7663405,0.96671057,CANDIDATE
7747091,0.96670055,CANDIDATE
12208631,0.9666744,CANDIDATE
12256520,0.96663874,CANDIDATE
9203154,0.9666354,CANDIDATE
7380537,0.9666113,CANDIDATE
9580992,0.96659863,CANDIDATE
9712350,0.96656233,CANDIDATE
9514372,0.9665599,CANDIDATE
12004971,0.96652514,CANDIDATE
5780715,0.9665195,CANDIDATE
5780715,0.9665114,CANDIDATE
11395587,0.9665012,CANDIDATE
8216763,0.9664981,CANDIDATE
9580992,0.9664832,CANDIDATE
7747091,0.9664727,CANDIDATE
7106173,0.96647,CANDIDATE
9100484,0.9664686,CANDIDATE
9634821,0.966464,CANDIDATE
8218379,0.96645033,CANDIDATE
11360805,0.9664488,CANDIDATE
11360805,0.9664382,CANDIDATE
11030475,0.96643716,CANDIDATE
9580992,0.9664319,CANDIDATE
8216763,0.9664177,CANDIDATE
11338056,0.9664148,CANDIDATE
12602314,0.96639854,CANDIDATE
9203154,0.96639144,CANDIDATE
9019191,0.9663589,CANDIDATE
11075279,0.9663503,CANDIDATE
10656508,0.96633774,CANDIDATE
12349560,0.96633154,CANDIDATE
6867588,0.96632606,CANDIDATE
6603756,0.96630335,CANDIDATE
7094944,0.9662997,CANDIDATE
10717241,0.9662979,CANDIDATE
9514372,0.96629554,CANDIDATE
9828127,0.9662942,CANDIDATE
9100484,0.9662846,CANDIDATE
12300524,0.9662801,CANDIDATE
9203154,0.96627456,CANDIDATE
11602794,0.96626794,CANDIDATE
8554498,0.9662476,CANDIDATE
11655826,0.9662361,CANDIDATE
9100484,0.9662104,CANDIDATE
12253769,0.9661958,CANDIDATE
9006186,0.9661903,CANDIDATE
5353938,0.9661619,CANDIDATE
12300524,0.9661509,CANDIDATE
8874090,0.96614844,CANDIDATE
5376836,0.966148,CANDIDATE
7668416,0.96614546,CANDIDATE
12208631,0.9661432,CANDIDATE
8546542,0.9661414,CANDIDATE
8396660,0.9661301,CANDIDATE
6867588,0.9661224,CANDIDATE
11072016,0.96611583,CANDIDATE
9011877,0.9661098,CANDIDATE
11520114,0.9661025,CANDIDATE
8554498,0.9660967,CANDIDATE
10285631,0.96608883,CANDIDATE
11129738,0.96608526,CANDIDATE
12105051,0.9660751,CANDIDATE
3937814,0.96606743,CANDIDATE
5080636,0.96606445,CANDIDATE
12301181,0.96606034,CANDIDATE
7765528,0.9660455,CANDIDATE
11241560,0.9660433,CANDIDATE
9514372,0.96604073,CANDIDATE
9872283,0.96603864,CANDIDATE
7375348,0.9660371,CANDIDATE
12300524,0.9660335,CANDIDATE
8869680,0.9660315,CANDIDATE
12253769,0.9660254,CANDIDATE
8007174,0.9660239,CANDIDATE
9872283,0.96601593,CANDIDATE
12349560,0.9660046,CANDIDATE
9828127,0.9659931,CANDIDATE
7380537,0.9659919,CANDIDATE
9100484,0.9659891,CANDIDATE
10073672,0.9659886,CANDIDATE
10190075,0.9659837,CANDIDATE
9019191,0.9659796,CANDIDATE
11970050,0.96595144,CANDIDATE
6867588,0.9659384,CANDIDATE
8684730,0.96593016,CANDIDATE
8218379,0.9659244,CANDIDATE
10141900,0.9659077,CANDIDATE
11129738,0.9658809,CANDIDATE
5184911,0.9658738,CANDIDATE
11241560,0.9658604,CANDIDATE
9509343,0.9658558,CANDIDATE
10717241,0.9658451,CANDIDATE
11360805,0.9658442,CANDIDATE
12154526,0.96584374,CANDIDATE
9203154,0.96583205,CANDIDATE
7106173,0.9658254,CANDIDATE
11655826,0.9658067,CANDIDATE
11655826,0.9658056,CANDIDATE
9815053,0.9658006,CANDIDATE
4832837,0.96578205,CANDIDATE
9509343,0.9657805,CANDIDATE
9491832,0.9657755,CANDIDATE
12301181,0.9657717,CANDIDATE
11395587,0.9657701,CANDIDATE
7747091,0.9657683,CANDIDATE
11073656,0.9657629,CANDIDATE
3937814,0.9657561,CANDIDATE
7661065,0.96574366,CANDIDATE
9651602,0.96571934,CANDIDATE
12602314,0.9657149,CANDIDATE
9575728,0.96570945,CANDIDATE
11716643,0.96569043,CANDIDATE
8226050,0.9656682,CANDIDATE
9011877,0.96564764,CANDIDATE
11360805,0.96564287,CANDIDATE
12554634,0.9656416,CANDIDATE
7335514,0.9656335,CANDIDATE
8007174,0.96562505,CANDIDATE
8226050,0.9656042,CANDIDATE
11072016,0.9655866,CANDIDATE
12154526,0.96557105,CANDIDATE
11019739,0.9655682,CANDIDATE
9509343,0.96556103,CANDIDATE
7094944,0.9655488,CANDIDATE
10118266,0.96554416,CANDIDATE
9935642,0.9655435,CANDIDATE
8007174,0.96553504,CANDIDATE
11076400,0.96553236,CANDIDATE
9993683,0.9655037,CANDIDATE
11019739,0.9654938,CANDIDATE
10264293,0.9654875,CANDIDATE
9575728,0.9654776,CANDIDATE
9512981,0.96547604,CANDIDATE
10450504,0.96546733,CANDIDATE
5709889,0.9654488,CANDIDATE
10118266,0.96544814,CANDIDATE
11716643,0.96544737,CANDIDATE
7663405,0.96541816,CANDIDATE
8007174,0.9654047,CANDIDATE
11602794,0.9654021,CANDIDATE
9651602,0.9653957,CANDIDATE
11360805,0.96539205,CANDIDATE
12301181,0.9653905,CANDIDATE
12253769,0.96538883,CANDIDATE
11970988,0.96536136,CANDIDATE
11705004,0.9653472,CANDIDATE
6603756,0.96534413,CANDIDATE
7661065,0.9653426,CANDIDATE
7825899,0.9653388,CANDIDATE
10917043,0.9653357,CANDIDATE
11076400,0.96532327,CANDIDATE
12253769,0.9653105,CANDIDATE
11288492,0.9653054,CANDIDATE
6664842,0.9653044,CANDIDATE
11602794,0.9653023,CANDIDATE
10659624,0.9652942,CANDIDATE
10394802,0.9652807,CANDIDATE
6867588,0.96527827,CANDIDATE
7661065,0.96527386,CANDIDATE
11970050,0.96527207,CANDIDATE
11072016,0.96526027,CANDIDATE
6664842,0.9652277,CANDIDATE
12602314,0.9652205,CANDIDATE
11072016,0.96521854,CANDIDATE
9993683,0.9652173,CANDIDATE
7106173,0.96521574,CANDIDATE
12602314,0.96520996,CANDIDATE
7017274,0.9652092,CANDIDATE
5080636,0.96520007,CANDIDATE
7106173,0.9651981,CANDIDATE
11360805,0.96519667,CANDIDATE
7094944,0.96519345,CANDIDATE
6859546,0.96519023,CANDIDATE
9011877,0.9651778,CANDIDATE
12154526,0.96515733,CANDIDATE
10118266,0.96514857,CANDIDATE
8007174,0.96514714,CANDIDATE
10118266,0.9651326,CANDIDATE
9514372,0.9651231,CANDIDATE
5184911,0.9651186,CANDIDATE
8937762,0.96511704,CANDIDATE
8554498,0.9651128,CANDIDATE
6436029,0.96508527,CANDIDATE
5780715,0.9650775,CANDIDATE
7375348,0.9650706,CANDIDATE
5897826,0.96506405,CANDIDATE
3109550,0.96505696,CANDIDATE
9872283,0.965054,CANDIDATE
6867155,0.9650453,CANDIDATE
9509343,0.9650322,CANDIDATE
12208631,0.9650191,CANDIDATE
10140122,0.96501863,CANDIDATE
9509343,0.96501243,CANDIDATE
5780715,0.9650001,CANDIDATE
7630229,0.96499324,CANDIDATE
12349560,0.96498024,CANDIDATE
3937814,0.9649758,CANDIDATE
5080636,0.9649644,CANDIDATE
11716643,0.9649599,CANDIDATE
7106173,0.96495205,CANDIDATE
9935642,0.96495104,CANDIDATE
3453214,0.96494615,CANDIDATE
8554498,0.9649454,CANDIDATE
7094944,0.9649385,CANDIDATE
7630229,0.9649363,CANDIDATE
10118266,0.96493316,CANDIDATE
12256520,0.96492594,CANDIDATE
7094944,0.96490246,CANDIDATE
10190075,0.9649002,CANDIDATE
9514372,0.96489924,CANDIDATE
10717241,0.964893,CANDIDATE
6019971,0.9648861,CANDIDATE
11360805,0.9648807,CANDIDATE
9634821,0.96487033,CANDIDATE
9993683,0.9648433,CANDIDATE
11360805,0.9648413,CANDIDATE
8554498,0.9648281,CANDIDATE
9872283,0.96481276,CANDIDATE
9935642,0.9648009,CANDIDATE
11072016,0.9647973,CANDIDATE
8218379,0.9647871,CANDIDATE
12301181,0.9647861,CANDIDATE
11026304,0.9647809,CANDIDATE
7499398,0.9647554,CANDIDATE
8007174,0.9647393,CANDIDATE
7032421,0.9646984,CANDIDATE
11970988,0.9646785,CANDIDATE
6867588,0.96466553,CANDIDATE
7335514,0.9646623,CANDIDATE
11601425,0.9646519,CANDIDATE
5709889,0.96464235,CANDIDATE
5184911,0.9646421,CANDIDATE
10717241,0.96463627,CANDIDATE
8554498,0.96459067,CANDIDATE
8554498,0.96455973,CANDIDATE
5184911,0.96455693,CANDIDATE
9815053,0.96454865,CANDIDATE
6670610,0.96454483,CANDIDATE
6436029,0.9645122,CANDIDATE
10717241,0.96448463,CANDIDATE
9019191,0.9644659,CANDIDATE
11970988,0.9644536,CANDIDATE
9019191,0.9644395,CANDIDATE
7106173,0.9644354,CANDIDATE
9571186,0.96443164,CANDIDATE
11072016,0.96443087,CANDIDATE
7825899,0.9643663,CANDIDATE
9580992,0.96435624,CANDIDATE
1721157,0.9643497,CANDIDATE
9575728,0.9643457,CANDIDATE
9872283,0.9643415,CANDIDATE
3747817,0.9643406,CANDIDATE
6436029,0.96433204,CANDIDATE
7106173,0.96430117,CANDIDATE
9100484,0.96425635,CANDIDATE
9580992,0.9642562,CANDIDATE
9491832,0.96423894,CANDIDATE
10717241,0.964233,CANDIDATE
10394802,0.96423155,CANDIDATE
5709889,0.96422666,CANDIDATE
6436029,0.9642149,CANDIDATE
5184911,0.9642108,CANDIDATE
11970988,0.9642094,CANDIDATE
9203154,0.9642027,CANDIDATE
11026304,0.9641893,CANDIDATE
4832837,0.96418655,CANDIDATE
12105051,0.9641574,CANDIDATE
5353938,0.96415293,CANDIDATE
12257999,0.964149,CANDIDATE
9651602,0.9641427,CANDIDATE
4832837,0.96413326,CANDIDATE
12554634,0.9641097,CANDIDATE
9086154,0.9641032,CANDIDATE
11520114,0.9640977,CANDIDATE
11805075,0.9640955,CANDIDATE
9651602,0.96409446,CANDIDATE
8360041,0.96408725,CANDIDATE
7730747,0.9640867,CANDIDATE
8869680,0.9640825,CANDIDATE
9011877,0.96407664,CANDIDATE
8216763,0.9640763,CANDIDATE
9580992,0.9640673,CANDIDATE
9203154,0.9640641,CANDIDATE
11520114,0.9640594,CANDIDATE
10073672,0.9640498,CANDIDATE
11655826,0.9640288,CANDIDATE
9202151,0.9640199,CANDIDATE
10285631,0.96401215,CANDIDATE
6670610,0.96400803,CANDIDATE
5353938,0.9640039,CANDIDATE
8684730,0.96400017,CANDIDATE
7730747,0.96399486,CANDIDATE
9491832,0.96398646,CANDIDATE
9815053,0.96398544,CANDIDATE
9580992,0.96398014,CANDIDATE
7668416,0.9639736,CANDIDATE
9006186,0.9639727,CANDIDATE
11655826,0.9639634,CANDIDATE
12300524,0.9639625,CANDIDATE
11853130,0.96396095,CANDIDATE
10395543,0.963956,CANDIDATE
11705004,0.9639524,CANDIDATE
12256520,0.9639409,CANDIDATE
11520114,0.96388894,CANDIDATE
9533489,0.96388876,CANDIDATE
10285631,0.963883,CANDIDATE
7335514,0.96388197,CANDIDATE
11853130,0.9638733,CANDIDATE
9019191,0.9638679,CANDIDATE
8018547,0.9638656,CANDIDATE
9008737,0.9638462,CANDIDATE
11716643,0.9638457,CANDIDATE
9491832,0.9638426,CANDIDATE
12349560,0.963839,CANDIDATE
11918099,0.96381146,CANDIDATE
10450504,0.96380234,CANDIDATE
5353938,0.96377957,CANDIDATE
11705004,0.9637788,CANDIDATE
9203154,0.9637765,CANDIDATE
9100484,0.9637668,CANDIDATE
5080636,0.9637654,CANDIDATE
4912650,0.9637553,CANDIDATE
7825899,0.96375155,CANDIDATE
9935642,0.9637491,CANDIDATE
6947623,0.9637388,CANDIDATE
9872283,0.96373534,CANDIDATE
10285631,0.9637189,CANDIDATE
9651602,0.96371764,CANDIDATE
11970988,0.96371466,CANDIDATE
10118266,0.963713,CANDIDATE
11030475,0.9637047,CANDIDATE
10394802,0.96370035,CANDIDATE
12602314,0.963687,CANDIDATE
10140122,0.96367234,CANDIDATE
5131180,0.96366996,CANDIDATE
5184911,0.9636656,CANDIDATE
7668416,0.9636613,CANDIDATE
7668416,0.96365756,CANDIDATE
12602314,0.9636509,CANDIDATE
12154526,0.96363825,CANDIDATE
11395587,0.9636325,CANDIDATE
12301181,0.9636294,CANDIDATE
9993683,0.96362334,CANDIDATE
9575728,0.96362,CANDIDATE
5897826,0.96361136,CANDIDATE
9533489,0.96360207,CANDIDATE
9086154,0.96360195,CANDIDATE
11241560,0.96359533,CANDIDATE
7094944,0.96358025,CANDIDATE
11241560,0.9635778,CANDIDATE
11129738,0.9635651,CANDIDATE
10264293,0.96355724,CANDIDATE
9575728,0.9635566,CANDIDATE
7094944,0.96355605,CANDIDATE
12349560,0.96353835,CANDIDATE
8360041,0.9635234,CANDIDATE
10264293,0.9635221,CANDIDATE
9008103,0.96351993,CANDIDATE
11601425,0.96351975,CANDIDATE
9712350,0.9635153,CANDIDATE
11565544,0.96351177,CANDIDATE
7630229,0.9635004,CANDIDATE
5353938,0.9634973,CANDIDATE
7098255,0.9634756,CANDIDATE
10717241,0.9634641,CANDIDATE
11129738,0.9634562,CANDIDATE
10140122,0.96345556,CANDIDATE
11918099,0.96344495,CANDIDATE
9712350,0.963427,CANDIDATE
9815053,0.9634249,CANDIDATE
10394802,0.9634197,CANDIDATE
11129738,0.9634166,CANDIDATE
12253769,0.9634141,CANDIDATE
8261920,0.9634141,CANDIDATE
7499398,0.96341294,CANDIDATE
8874090,0.9634079,CANDIDATE
9651602,0.9633915,CANDIDATE
11361283,0.96338993,CANDIDATE
4912650,0.96336955,CANDIDATE
9828127,0.96336484,CANDIDATE
8121310,0.9633603,CANDIDATE
11026304,0.9633597,CANDIDATE
9575728,0.9633542,CANDIDATE
7032421,0.96335363,CANDIDATE
8226050,0.9633394,CANDIDATE
8803757,0.963338,CANDIDATE
12300524,0.96332943,CANDIDATE
10717241,0.963324,CANDIDATE
10659624,0.96331537,CANDIDATE
10844890,0.96331406,CANDIDATE
11870545,0.9633116,CANDIDATE
10717241,0.9633071,CANDIDATE
11705004,0.9632971,CANDIDATE
10141900,0.963289,CANDIDATE
10450504,0.9632856,CANDIDATE
11805075,0.963281,CANDIDATE
8226050,0.96327645,CANDIDATE
11970988,0.9632735,CANDIDATE
8874090,0.96326935,CANDIDATE
11462341,0.9632687,CANDIDATE
9935642,0.9632607,CANDIDATE
10140274,0.96325606,CANDIDATE
6859546,0.96324635,CANDIDATE
6436029,0.96324,CANDIDATE
8216763,0.96323895,CANDIDATE
9712350,0.96323586,CANDIDATE
12208631,0.9632316,CANDIDATE
9100484,0.9632251,CANDIDATE
11129738,0.96320397,CANDIDATE
11462341,0.9631992,CANDIDATE
11073656,0.9631968,CANDIDATE
9883606,0.9631741,CANDIDATE
5353938,0.9631679,CANDIDATE
7661065,0.9631517,CANDIDATE
7098255,0.96314627,CANDIDATE
8265218,0.96313775,CANDIDATE
7668416,0.963134,CANDIDATE
5709889,0.96313167,CANDIDATE
11360805,0.9631304,CANDIDATE
7630229,0.9631243,CANDIDATE
11462341,0.96312135,CANDIDATE
12554634,0.9631172,CANDIDATE
9828127,0.9631167,CANDIDATE
12349560,0.96308786,CANDIDATE
7098255,0.963086,CANDIDATE
6867588,0.963086,CANDIDATE
11075279,0.9630827,CANDIDATE
11241560,0.9630674,CANDIDATE
11068630,0.9630656,CANDIDATE
3937814,0.96303535,CANDIDATE
11904704,0.9630325,CANDIDATE
11395587,0.96301734,CANDIDATE
7609553,0.9630153,CANDIDATE
12602314,0.9630117,CANDIDATE
12154526,0.9630087,CANDIDATE
7501646,0.96300066,CANDIDATE
12602314,0.9629941,CANDIDATE
10190075,0.9629909,CANDIDATE
5184911,0.96298826,CANDIDATE
5080636,0.96298707,CANDIDATE
7499398,0.9629831,CANDIDATE
6186182,0.96297866,CANDIDATE
9935642,0.96297157,CANDIDATE
6859546,0.9629603,CANDIDATE
9008103,0.9629511,CANDIDATE
10659624,0.96295047,CANDIDATE
8216763,0.96295035,CANDIDATE
9993683,0.96294117,CANDIDATE
3937814,0.96294117,CANDIDATE
8226050,0.96293706,CANDIDATE
6859546,0.9629363,CANDIDATE
9491832,0.96292317,CANDIDATE
11655826,0.96292025,CANDIDATE
11918099,0.96291333,CANDIDATE
10118266,0.96290016,CANDIDATE
11462341,0.9628858,CANDIDATE
9993683,0.96286047,CANDIDATE
9703198,0.9628536,CANDIDATE
9575728,0.9628515,CANDIDATE
9575728,0.9628492,CANDIDATE
6859546,0.962845,CANDIDATE
11181260,0.9628311,CANDIDATE
10450504,0.9628292,CANDIDATE
9086154,0.96282524,CANDIDATE
7499398,0.96282303,CANDIDATE
11970050,0.9628118,CANDIDATE
11030475,0.9628062,CANDIDATE
5184911,0.96280026,CANDIDATE
4049901,0.96279836,CANDIDATE
8869680,0.9627932,CANDIDATE
12301181,0.9627832,CANDIDATE
11716643,0.9627796,CANDIDATE
10964440,0.9627745,CANDIDATE
9100484,0.96277076,CANDIDATE
10844890,0.96276885,CANDIDATE
8216763,0.96276677,CANDIDATE
5353938,0.9627597,CANDIDATE
6679295,0.96271956,CANDIDATE
11570749,0.9627166,CANDIDATE
7630229,0.9627123,CANDIDATE
6436029,0.96269846,CANDIDATE
8869680,0.9626964,CANDIDATE
9815053,0.9626833,CANDIDATE
10917043,0.9626755,CANDIDATE
6186182,0.9626728,CANDIDATE
10190075,0.96266335,CANDIDATE
9202151,0.9626583,CANDIDATE
10813078,0.96264845,CANDIDATE
3937814,0.9626428,CANDIDATE
8554498,0.96262985,CANDIDATE
11602794,0.9626227,CANDIDATE
7668416,0.96261543,CANDIDATE
4832837,0.96261376,CANDIDATE
11601425,0.9626134,CANDIDATE
11395587,0.9626112,CANDIDATE
8007174,0.9625892,CANDIDATE
12554634,0.96258837,CANDIDATE
10844890,0.96258414,CANDIDATE
12349560,0.9625718,CANDIDATE
5376836,0.9625679,CANDIDATE
9651602,0.96256137,CANDIDATE
6867155,0.9625573,CANDIDATE
11357664,0.96255565,CANDIDATE
9580992,0.9625541,CANDIDATE
11357664,0.9625489,CANDIDATE
7661065,0.96254826,CANDIDATE
7836096,0.9625476,CANDIDATE
7630229,0.9625458,CANDIDATE
9574158,0.96254194,CANDIDATE
9580992,0.96253365,CANDIDATE
9202151,0.9624671,CANDIDATE
12301181,0.9624532,CANDIDATE
8874090,0.9624451,CANDIDATE
6679295,0.96244234,CANDIDATE
11030475,0.9624387,CANDIDATE
12253769,0.9624176,CANDIDATE
10659624,0.9624112,CANDIDATE
10141900,0.96240014,CANDIDATE
9574158,0.9623995,CANDIDATE
8803757,0.96237653,CANDIDATE
7032421,0.9623706,CANDIDATE
6523351,0.9623664,CANDIDATE
11970050,0.962358,CANDIDATE
3937814,0.96234703,CANDIDATE
6309763,0.9623399,CANDIDATE
9828127,0.96233326,CANDIDATE
